product_id,product_category,sales,price,VAP,vendor_id,country,pet_size,pet_type,rating,re_buy
5040,Equipment,123,7293,0,VC_1605,Vietnam,small,fish,7,1
4567,Toys,61,9304,1,VC_1132,India,small,cat,10,0
4237,Toys,218,8180,0,VC_802,India,small,hamster,6,0
4364,Snack,69,18559,1,VC_929,India,large,dog,1,1
4184,Supplements,138,10283,1,VC_749,India,large,dog,10,0
4609,Bedding,183,3969,1,VC_1174,India,large,cat,10,0
4380,Toys,79,13519,1,VC_945,India,extra_small,dog,8,0
4389,Bedding,205,13078,0,VC_954,India,large,cat,9,0
4697,Supplements,116,13701,0,VC_1262,Belgium,small,cat,10,0
4238,Medicine,141,19082,1,VC_803,India,medium,dog,10,1
4650,Snack,185,14479,1,VC_1215,India,extra_small,dog,10,1
4360,Supplements,50,9778,1,VC_925,India,extra_small,dog,10,0
4588,Housing,93,16267,0,VC_1153,India,medium,dog,10,1
4319,Food,192,4624,0,VC_884,India,large,cat,3,0
4613,Supplements,186,13200,1,VC_1178,India,medium,cat,10,1
4890,Equipment,182,13313,1,VC_1455,Singapore,small,dog,6,0
4777,Snack,229,3479,0,VC_1342,Belgium,medium,cat,7,0
4541,Equipment,185,8419,1,VC_1106,India,extra_large,cat,10,0
4737,Food,129,11817,1,VC_1302,Belgium,medium,cat,7,0
4341,Food,126,840,0,VC_906,India,extra_large,cat,5,1
4478,Housing,210,15075,1,VC_1043,India,medium,dog,3,1
4179,Clothes,93,17941,1,VC_744,India,large,cat,3,0
4384,Accessory,204,10308,0,VC_949,India,large,dog,1,1
4561,Food,224,8357,0,VC_1126,India,extra_large,cat,10,1
4271,Medicine,188,1693,0,VC_836,India,extra_large,fish,4,1
4464,Equipment,142,11357,0,VC_1029,India,large,dog,6,0
4615,Accessory,131,19039,0,VC_1180,India,extra_small,cat,10,0
4671,Food,8,17959,1,VC_1236,India,extra_large,cat,10,1
4456,Housing,61,13762,0,VC_1021,India,extra_large,dog,6,1
4316,Supplements,22,5198,1,VC_881,India,extra_large,dog,6,1
4756,Medicine,170,10579,1,VC_1321,Turkey,small,dog,7,0
5025,Equipment,172,18975,1,VC_1590,Singapore,medium,bird,6,1
4595,Snack,117,9420,1,VC_1160,India,extra_small,cat,10,0
4575,Clothes,74,6781,0,VC_1140,India,extra_small,cat,10,1
4891,Snack,137,18124,0,VC_1456,Turkey,medium,cat,6,0
4513,Medicine,42,15047,0,VC_1078,India,medium,cat,9,1
4208,Accessory,218,6153,0,VC_773,India,medium,dog,1,1
5021,Toys,196,18629,0,VC_1586,Turkey,medium,bird,6,1
4224,Bedding,12,10958,0,VC_789,India,large,bird,1,1
4938,Equipment,162,10668,0,VC_1503,USA,small,dog,6,0
4551,Snack,100,9905,1,VC_1116,India,extra_large,cat,10,0
4477,Bedding,202,6464,1,VC_1042,India,small,cat,6,1
4648,Accessory,230,1489,0,VC_1213,India,medium,dog,10,0
4506,Food,13,6676,1,VC_1071,India,extra_large,dog,9,1
4594,Food,143,881,0,VC_1159,India,large,dog,10,0
4813,Snack,53,7109,0,VC_1378,USA,medium,cat,2,1
4273,Grooming,25,5330,0,VC_838,India,medium,hamster,1,0
4945,Snack,21,14824,1,VC_1510,Singapore,medium,cat,6,0
4913,Toys,213,13402,1,VC_1478,USA,medium,cat,6,0
4640,Equipment,21,14208,1,VC_1205,India,extra_small,dog,10,1
4427,Grooming,101,944,0,VC_992,India,small,cat,2,0
4476,Clothes,188,5849,0,VC_1041,India,extra_large,dog,9,1
4443,Clothes,225,17011,1,VC_1008,India,medium,cat,1,1
4451,Food,139,4722,0,VC_1016,India,extra_large,cat,2,1
4830,Equipment,140,6841,1,VC_1395,Singapore,small,dog,2,1
4865,Toys,223,13760,1,VC_1430,Singapore,medium,cat,6,1
5001,Equipment,110,15696,0,VC_1566,Turkey,medium,bird,6,0
5048,Toys,66,12989,0,VC_1613,Vietnam,small,fish,7,1
4509,Clothes,55,13175,1,VC_1074,India,large,cat,3,1
4441,Snack,15,14030,1,VC_1006,India,extra_large,cat,8,1
4857,Equipment,25,13558,0,VC_1422,Belgium,medium,cat,1,1
4434,Housing,170,8446,1,VC_999,India,large,dog,2,1
4531,Clothes,88,6162,1,VC_1096,India,extra_large,cat,7,1
5049,Equipment,74,13722,0,VC_1614,Sri Lanka,medium,bird,7,1
4818,Equipment,30,16899,1,VC_1383,USA,small,dog,2,1
4258,Housing,202,14110,0,VC_823,India,medium,rabbit,2,0
4426,Supplements,228,18570,1,VC_991,India,extra_large,dog,8,0
4599,Housing,230,5804,1,VC_1164,India,large,cat,10,1
4750,Medicine,111,7730,0,VC_1315,Singapore,small,dog,7,1
4261,Supplements,25,8774,1,VC_826,India,extra_large,hamster,1,1
4500,Housing,177,366,0,VC_1065,India,extra_small,dog,8,1
4988,Toys,65,16562,0,VC_1553,USA,small,fish,6,0
4482,Grooming,210,2052,0,VC_1047,India,small,dog,4,1
4565,Bedding,85,2189,1,VC_1130,India,extra_small,cat,10,1
4284,Grooming,202,15632,1,VC_849,India,large,bird,4,0
4428,Accessory,140,6628,0,VC_993,India,medium,dog,8,0
4215,Toys,178,12025,0,VC_780,India,extra_small,cat,3,1
4216,Medicine,151,12411,1,VC_781,India,extra_large,rabbit,8,0
4995,Equipment,25,7162,0,VC_1560,Singapore,medium,bird,6,0
4880,Toys,11,3374,0,VC_1445,Singapore,small,dog,6,0
4253,Food,71,16618,1,VC_818,India,medium,fish,6,1
4373,Accessory,138,18428,1,VC_938,India,medium,cat,5,1
4952,Toys,20,8239,1,VC_1517,Belgium,small,dog,6,0
4280,Housing,64,2586,0,VC_845,India,extra_small,dog,7,0
4254,Snack,114,6305,0,VC_819,India,large,bird,10,0
4682,Supplements,143,16350,0,VC_1247,India,small,dog,10,1
4525,Supplements,115,14310,0,VC_1090,India,extra_small,cat,5,0
4191,Bedding,160,17625,0,VC_756,India,extra_large,cat,6,1
4432,Clothes,137,8258,1,VC_997,India,small,dog,10,0
4189,Equipment,17,3824,0,VC_754,India,large,hamster,6,1
4533,Housing,35,3839,1,VC_1098,India,medium,cat,7,1
4375,Snack,117,5707,0,VC_940,India,extra_small,cat,1,0
4581,Grooming,188,9081,1,VC_1146,India,extra_large,cat,10,0
4936,Snack,122,6845,0,VC_1501,Turkey,small,dog,6,0
4338,Supplements,163,4804,1,VC_903,India,medium,dog,10,0
4498,Clothes,151,10257,1,VC_1063,India,medium,dog,4,1
4293,Medicine,66,1546,0,VC_858,India,medium,cat,8,1
4520,Clothes,141,256,1,VC_1085,India,extra_small,dog,4,1
4629,Equipment,77,13957,0,VC_1194,India,large,cat,10,1
4874,Toys,45,3101,1,VC_1439,Germany,small,dog,6,0
4775,Toys,172,8315,1,VC_1340,Singapore,medium,cat,7,0
4439,Accessory,102,7497,1,VC_1004,India,large,cat,3,0
4875,Equipment,118,6593,1,VC_1440,Singapore,medium,cat,6,0
4839,Equipment,125,12472,1,VC_1404,Germany,medium,cat,1,1
4556,Toys,52,15504,0,VC_1121,India,extra_large,dog,10,0
4811,Toys,121,18459,1,VC_1376,Turkey,medium,cat,2,1
4491,Medicine,151,2039,0,VC_1056,India,extra_large,cat,5,0
4685,Supplements,73,19365,0,VC_1250,Singapore,extra_small,cat,10,1
4752,Food,116,2703,0,VC_1317,Belgium,small,dog,7,0
4991,Toys,118,482,0,VC_1556,Turkey,medium,bird,6,0
4923,Equipment,22,17573,0,VC_1488,USA,medium,cat,6,0
4977,Equipment,134,4211,1,VC_1542,Belgium,medium,bird,6,0
4674,Clothes,49,16297,0,VC_1239,India,large,dog,10,0
4628,Snack,161,12188,1,VC_1193,India,medium,dog,10,1
4356,Bedding,114,12577,0,VC_921,India,extra_large,dog,1,1
4289,Clothes,160,12720,1,VC_854,India,large,fish,6,0
4696,Medicine,155,16160,1,VC_1261,Turkey,extra_large,dog,10,0
4863,Equipment,75,1679,0,VC_1428,USA,medium,cat,6,1
4197,Accessory,90,2495,1,VC_762,India,small,cat,8,1
4220,Food,101,15175,1,VC_785,India,extra_small,dog,2,1
4577,Housing,14,10170,1,VC_1142,India,small,cat,10,0
4187,Food,6,8334,1,VC_752,India,small,fish,5,0
4681,Medicine,20,7552,1,VC_1246,India,extra_large,cat,10,0
4562,Snack,153,15857,1,VC_1127,India,small,dog,10,0
4453,Equipment,188,10339,0,VC_1018,India,medium,cat,5,0
4858,Snack,166,6622,0,VC_1423,USA,small,dog,1,1
4233,Equipment,108,12365,0,VC_798,India,medium,cat,3,1
5015,Toys,59,2697,1,VC_1580,Singapore,medium,bird,6,1
4801,Snack,175,4525,0,VC_1366,Turkey,medium,cat,7,1
4717,Medicine,78,14971,1,VC_1282,Belgium,medium,cat,10,1
4198,Food,87,9192,1,VC_763,India,medium,rabbit,9,0
4980,Equipment,126,2982,0,VC_1545,Singapore,small,fish,6,0
4315,Medicine,207,10730,1,VC_880,India,extra_small,cat,2,0
4592,Grooming,34,9095,0,VC_1157,India,small,dog,10,0
4906,Snack,86,12479,0,VC_1471,Turkey,small,dog,6,0
4837,Snack,25,1096,0,VC_1402,Belgium,medium,cat,2,1
4922,Toys,196,17032,0,VC_1487,Belgium,small,dog,6,0
4870,Snack,36,4615,0,VC_1435,Singapore,small,dog,6,0
4634,Medicine,49,17059,1,VC_1199,India,large,dog,10,0
4716,Food,99,4531,0,VC_1281,Turkey,small,dog,10,0
4269,Housing,183,16371,1,VC_834,India,large,cat,2,0
5004,Equipment,116,11762,1,VC_1569,Germany,small,fish,6,0
4954,Snack,94,300,1,VC_1519,Germany,small,dog,6,0
4796,Toys,80,14526,1,VC_1361,Turkey,small,dog,7,1
4799,Toys,184,13022,1,VC_1364,Germany,medium,cat,7,1
4240,Grooming,180,14791,0,VC_805,India,extra_small,rabbit,8,0
4937,Toys,75,8580,1,VC_1502,Belgium,medium,cat,6,0
4981,Snack,150,16581,1,VC_1546,Turkey,medium,bird,6,0
4790,Toys,79,12241,1,VC_1355,Singapore,small,dog,7,0
4181,Housing,44,3147,0,VC_746,India,extra_large,fish,8,1
4259,Toys,97,7444,0,VC_824,India,large,fish,8,0
5047,Snack,94,12203,1,VC_1612,Sri Lanka,medium,bird,7,1
4377,Clothes,66,16816,1,VC_942,India,small,cat,8,1
4537,Grooming,61,1823,0,VC_1102,India,small,cat,6,0
4624,Supplements,70,4397,1,VC_1189,India,large,dog,10,0
4951,Snack,190,9579,1,VC_1516,Turkey,medium,cat,6,0
4774,Snack,181,4041,0,VC_1339,Germany,small,dog,7,0
4411,Bedding,162,2572,1,VC_976,India,extra_large,cat,2,1
4953,Equipment,46,1686,0,VC_1518,USA,medium,cat,6,0
4431,Equipment,108,13525,0,VC_996,India,extra_large,cat,4,1
4394,Grooming,21,3640,0,VC_959,India,large,dog,6,1
4765,Medicine,149,12589,1,VC_1330,Singapore,medium,cat,7,1
4447,Medicine,184,6103,0,VC_1012,India,small,cat,5,0
4335,Housing,153,7348,0,VC_900,India,extra_small,cat,4,0
4895,Toys,140,3937,0,VC_1460,Singapore,medium,cat,6,0
4655,Toys,47,4418,1,VC_1220,India,extra_small,cat,10,0
4557,Medicine,46,14217,0,VC_1122,India,small,cat,10,0
4963,Snack,129,12089,0,VC_1528,USA,medium,bird,6,0
4871,Toys,42,4381,1,VC_1436,Turkey,medium,cat,6,0
4244,Equipment,31,14435,0,VC_809,India,large,dog,6,1
4419,Snack,64,17287,1,VC_984,India,large,cat,5,1
4606,Snack,20,16465,1,VC_1171,India,extra_large,dog,10,0
4975,Snack,191,9627,0,VC_1540,Singapore,medium,bird,6,0
5033,Toys,79,6660,1,VC_1598,Sri Lanka,medium,bird,6,1
4358,Toys,3,17918,0,VC_923,India,medium,dog,6,0
4788,Equipment,98,2083,1,VC_1353,USA,small,dog,7,1
4698,Food,130,2594,1,VC_1263,USA,medium,dog,10,1
4266,Equipment,224,18574,1,VC_831,India,extra_large,bird,5,0
4792,Snack,217,1613,0,VC_1357,Belgium,small,dog,7,0
4503,Supplements,139,10372,1,VC_1068,India,medium,cat,4,1
4201,Clothes,121,18284,1,VC_766,India,extra_large,hamster,5,1
4679,Supplements,203,19203,1,VC_1244,India,large,cat,10,1
4998,Equipment,200,11282,0,VC_1563,USA,small,fish,6,0
4855,Snack,151,12718,1,VC_1420,Singapore,medium,cat,1,1
5029,Snack,181,8085,1,VC_1594,Germany,medium,bird,6,1
4759,Medicine,72,100,0,VC_1324,Germany,medium,cat,7,0
4602,Supplements,142,4722,1,VC_1167,India,small,dog,10,1
4663,Clothes,224,3377,0,VC_1228,India,medium,cat,10,1
4270,Toys,80,9707,0,VC_835,India,extra_small,rabbit,5,0
4260,Medicine,79,8608,0,VC_825,India,extra_small,bird,4,0
4242,Food,142,1109,0,VC_807,India,small,bird,3,1
4639,Snack,178,1853,1,VC_1204,India,large,cat,10,1
4515,Grooming,87,16248,0,VC_1080,India,extra_small,cat,4,0
4538,Accessory,50,3138,0,VC_1103,India,medium,dog,4,1
4173,Supplements,79,9074,0,VC_738,India,medium,cat,1,0
4363,Food,3,11419,1,VC_928,India,medium,cat,7,0
4744,Medicine,56,1867,1,VC_1309,Germany,small,dog,7,1
4766,Toys,191,18950,0,VC_1331,Turkey,small,dog,7,1
4410,Clothes,195,1701,0,VC_975,India,extra_small,dog,7,0
4217,Supplements,177,2778,0,VC_782,India,small,fish,6,1
4182,Toys,70,3877,1,VC_747,India,small,bird,6,0
4255,Equipment,56,1051,1,VC_820,India,extra_small,hamster,8,0
4877,Toys,194,3609,0,VC_1442,Belgium,medium,cat,6,0
4570,Grooming,181,10381,1,VC_1135,India,extra_small,dog,10,0
4898,Toys,129,17078,0,VC_1463,USA,small,dog,6,0
4178,Equipment,120,6896,0,VC_743,India,medium,dog,4,1
4298,Snack,211,17038,0,VC_863,India,medium,dog,9,0
4778,Toys,103,3811,0,VC_1343,USA,small,dog,7,0
4793,Toys,26,1139,0,VC_1358,USA,medium,cat,7,1
4474,Snack,176,4806,0,VC_1039,India,large,dog,7,0
4916,Toys,96,4999,0,VC_1481,Turkey,small,dog,6,0
5036,Toys,200,15026,1,VC_1601,Vietnam,small,fish,7,1
4511,Housing,31,819,1,VC_1076,India,extra_large,cat,2,0
4647,Grooming,22,9346,1,VC_1212,India,small,cat,10,1
4514,Supplements,120,2451,0,VC_1079,India,large,dog,8,0
4526,Grooming,115,10430,0,VC_1091,India,extra_large,dog,6,1
4190,Clothes,57,4546,0,VC_755,India,extra_small,dog,2,0
4469,Medicine,88,3695,0,VC_1034,India,large,cat,1,0
4542,Clothes,223,18886,1,VC_1107,India,small,dog,10,0
4452,Snack,138,2782,0,VC_1017,India,small,dog,3,1
4268,Bedding,163,12483,1,VC_833,India,medium,dog,9,1
4413,Toys,18,9925,1,VC_978,India,medium,cat,9,0
4307,Accessory,184,18320,0,VC_872,India,small,fish,8,0
4986,Equipment,228,17475,1,VC_1551,Turkey,small,fish,6,0
4361,Grooming,203,4152,0,VC_926,India,extra_large,cat,7,0
4738,Medicine,41,7391,0,VC_1303,USA,small,dog,7,0
5032,Snack,132,5224,1,VC_1597,Vietnam,small,fish,6,1
4727,Supplements,146,11846,0,VC_1292,Belgium,medium,cat,10,1
4767,Equipment,154,17445,1,VC_1332,Belgium,medium,cat,7,0
4213,Bedding,221,6475,0,VC_778,India,medium,hamster,9,0
4763,Supplements,88,9963,1,VC_1328,USA,medium,cat,7,0
4211,Equipment,27,15473,0,VC_776,India,extra_large,fish,10,1
4688,Supplements,141,15997,1,VC_1253,USA,medium,dog,10,1
4194,Medicine,103,12863,0,VC_759,India,large,bird,1,1
4848,Equipment,145,12938,1,VC_1413,USA,small,dog,1,1
4516,Accessory,16,7495,1,VC_1081,India,extra_large,dog,6,0
4812,Equipment,49,18801,0,VC_1377,Belgium,small,dog,2,1
4576,Bedding,188,5965,0,VC_1141,India,extra_large,dog,10,0
4713,Food,49,8520,1,VC_1278,USA,medium,cat,10,1
4310,Equipment,105,3945,1,VC_875,India,extra_small,dog,9,1
4885,Snack,116,4300,1,VC_1450,Singapore,medium,cat,6,0
4192,Housing,83,10976,0,VC_757,India,small,rabbit,1,0
4275,Food,25,12212,1,VC_840,India,extra_small,cat,4,1
4807,Snack,76,14467,0,VC_1372,Belgium,medium,cat,2,1
4248,Toys,18,15233,1,VC_813,India,medium,bird,1,1
4429,Food,180,14788,0,VC_994,India,large,cat,10,0
4810,Snack,102,13076,0,VC_1375,Singapore,small,dog,2,1
4904,Toys,41,13352,1,VC_1469,Germany,small,dog,6,0
4806,Equipment,147,16595,0,VC_1371,Turkey,small,dog,2,1
4527,Accessory,82,1146,1,VC_1092,India,small,cat,9,0
4680,Food,52,13576,1,VC_1245,India,extra_small,dog,10,0
4408,Snack,143,8427,0,VC_973,India,medium,dog,5,0
4305,Supplements,102,8195,0,VC_870,India,extra_small,cat,1,0
4302,Housing,27,17097,1,VC_867,India,small,bird,9,1
4328,Grooming,109,5494,0,VC_893,India,medium,dog,4,0
4882,Snack,49,12959,0,VC_1447,Belgium,small,dog,6,0
4911,Equipment,61,2073,1,VC_1476,Turkey,medium,cat,6,0
4771,Snack,93,1879,1,VC_1336,Turkey,medium,cat,7,0
4961,Toys,62,3180,1,VC_1526,Turkey,medium,bird,6,0
4761,Food,111,11000,1,VC_1326,Turkey,medium,cat,7,0
4611,Toys,94,14980,1,VC_1176,India,extra_large,cat,10,1
4369,Toys,127,12569,1,VC_934,India,large,cat,8,0
5043,Equipment,214,18567,1,VC_1608,Sri Lanka,medium,bird,7,1
4354,Equipment,212,8243,1,VC_919,India,large,dog,7,0
5031,Equipment,42,7267,0,VC_1596,Japan,medium,bird,6,1
4342,Snack,179,11474,1,VC_907,India,small,dog,5,1
4528,Food,126,6283,0,VC_1093,India,medium,dog,7,0
4370,Medicine,147,6585,1,VC_935,India,extra_small,dog,1,1
4684,Medicine,87,5689,0,VC_1249,India,large,dog,10,0
4710,Food,41,7525,1,VC_1275,Singapore,small,dog,10,1
4944,Equipment,3,13424,1,VC_1509,Germany,small,dog,6,0
4433,Bedding,92,10466,0,VC_998,India,medium,cat,1,0
4856,Toys,79,11051,0,VC_1421,Turkey,small,dog,1,1
4300,Clothes,116,18459,1,VC_865,India,extra_small,rabbit,8,1
4899,Equipment,184,2259,1,VC_1464,Germany,medium,cat,6,0
4934,Toys,164,16554,1,VC_1499,Germany,small,dog,6,0
4287,Snack,130,12947,1,VC_852,India,small,cat,3,1
4492,Supplements,10,12592,1,VC_1057,India,small,dog,7,1
4919,Toys,16,5482,1,VC_1484,Germany,medium,cat,6,0
4962,Equipment,134,2036,1,VC_1527,Belgium,small,fish,6,0
4768,Snack,68,10036,0,VC_1333,USA,small,dog,7,1
4329,Accessory,143,3723,0,VC_894,India,large,cat,6,1
5045,Toys,117,16159,0,VC_1610,Sri Lanka,medium,bird,7,1
5017,Snack,146,1550,1,VC_1582,Belgium,medium,bird,6,1
4935,Equipment,19,5039,1,VC_1500,Singapore,medium,cat,6,0
4721,Supplements,145,1588,1,VC_1286,Turkey,medium,cat,10,0
4502,Medicine,135,8232,0,VC_1067,India,small,dog,1,1
4493,Grooming,147,13870,1,VC_1058,India,medium,cat,8,0
4461,Accessory,47,453,0,VC_1026,India,extra_large,cat,2,0
4331,Snack,92,12388,0,VC_896,India,extra_large,cat,2,0
4379,Housing,25,18027,1,VC_944,India,large,cat,6,0
4558,Supplements,57,6070,0,VC_1123,India,medium,dog,10,0
4582,Accessory,101,8282,0,VC_1147,India,small,dog,10,0
4711,Medicine,195,965,1,VC_1276,Turkey,medium,cat,10,0
4518,Snack,61,1244,0,VC_1083,India,medium,dog,9,1
4743,Food,63,305,1,VC_1308,USA,medium,cat,7,0
4677,Toys,83,13145,1,VC_1242,India,small,cat,10,1
4276,Snack,80,13135,0,VC_841,India,extra_large,rabbit,9,1
4745,Supplements,197,3193,0,VC_1310,Singapore,medium,cat,7,0
4278,Clothes,164,13931,0,VC_843,India,medium,bird,6,0
4762,Medicine,162,16620,1,VC_1327,Belgium,small,dog,7,1
4654,Housing,211,12414,1,VC_1219,India,large,dog,10,1
4617,Snack,204,12339,1,VC_1182,India,small,cat,10,0
4694,Supplements,13,5358,0,VC_1259,Germany,large,dog,10,1
4626,Accessory,177,17721,1,VC_1191,India,extra_large,dog,10,1
4636,Grooming,116,17561,0,VC_1201,India,extra_large,dog,10,1
4508,Equipment,70,12470,1,VC_1073,India,medium,dog,8,0
4769,Toys,18,12597,1,VC_1334,Germany,medium,cat,7,1
4619,Clothes,195,10354,0,VC_1184,India,large,cat,10,0
4444,Bedding,102,12371,0,VC_1009,India,large,dog,6,1
4754,Supplements,202,6386,0,VC_1319,Germany,small,dog,7,0
4740,Food,116,19009,0,VC_1305,Singapore,small,dog,7,0
4314,Toys,9,8843,0,VC_879,India,large,dog,6,0
4753,Medicine,149,14142,0,VC_1318,USA,medium,cat,7,1
4483,Accessory,137,3543,1,VC_1048,India,medium,cat,6,1
4206,Supplements,174,12613,1,VC_771,India,extra_large,bird,3,1
4543,Bedding,101,5545,0,VC_1108,India,medium,cat,10,1
4574,Equipment,200,9644,1,VC_1139,India,large,dog,10,1
4468,Toys,52,19064,1,VC_1033,India,medium,dog,7,1
4700,Supplements,217,3555,0,VC_1265,Singapore,extra_small,dog,10,1
4819,Snack,181,2223,0,VC_1384,Germany,medium,cat,2,1
4396,Food,222,17116,1,VC_961,India,extra_large,dog,8,1
4915,Snack,163,10718,1,VC_1480,Singapore,medium,cat,6,0
4809,Equipment,202,5758,0,VC_1374,Germany,medium,cat,2,1
4309,Snack,59,8478,0,VC_874,India,large,hamster,10,1
4933,Snack,49,16255,1,VC_1498,USA,medium,cat,6,0
4976,Toys,141,12770,0,VC_1541,Turkey,small,fish,6,0
4646,Supplements,26,8172,1,VC_1211,India,extra_large,dog,10,0
4485,Snack,16,1686,1,VC_1050,India,extra_small,cat,2,0
4803,Equipment,226,18779,0,VC_1368,USA,medium,cat,7,1
4409,Equipment,209,7997,0,VC_974,India,large,cat,1,1
4454,Clothes,42,14813,1,VC_1019,India,large,dog,9,1
4603,Grooming,100,3949,1,VC_1168,India,medium,cat,10,1
4301,Bedding,93,11456,1,VC_866,India,extra_large,fish,7,0
4735,Medicine,205,18467,0,VC_1300,Singapore,medium,cat,7,0
4838,Toys,105,9315,0,VC_1403,USA,small,dog,2,1
4894,Snack,161,18313,1,VC_1459,Germany,small,dog,6,0
4590,Medicine,113,9151,0,VC_1155,India,extra_small,dog,10,1
4959,Equipment,144,11990,0,VC_1524,Germany,medium,bird,6,0
4932,Equipment,213,310,0,VC_1497,Belgium,small,dog,6,0
4814,Toys,86,12657,1,VC_1379,Germany,small,dog,2,1
4416,Grooming,124,9878,0,VC_981,India,extra_large,dog,5,0
4288,Equipment,86,13652,1,VC_853,India,medium,rabbit,8,1
4174,Grooming,211,8021,1,VC_739,India,large,rabbit,4,1
4888,Snack,142,7004,0,VC_1453,USA,small,dog,6,0
4645,Medicine,201,8106,1,VC_1210,India,extra_small,cat,10,0
5035,Snack,198,7253,0,VC_1600,Sri Lanka,medium,bird,7,1
4435,Toys,34,6855,0,VC_1000,India,extra_small,cat,4,0
4374,Food,132,12491,1,VC_939,India,large,dog,8,0
4463,Snack,18,5033,0,VC_1028,India,medium,cat,1,0
4230,Accessory,151,14148,0,VC_795,India,extra_small,bird,4,0
4726,Medicine,171,3778,1,VC_1291,Turkey,small,dog,10,1
4593,Accessory,179,6268,1,VC_1158,India,medium,cat,10,0
4177,Snack,71,12776,0,VC_742,India,small,hamster,9,0
4334,Bedding,187,17945,1,VC_899,India,large,dog,3,1
5023,Snack,160,15872,1,VC_1588,USA,medium,bird,6,1
4638,Food,148,4898,0,VC_1203,India,medium,dog,10,0
4845,Equipment,109,9313,1,VC_1410,Singapore,medium,cat,1,1
4442,Equipment,150,8437,1,VC_1007,India,small,dog,4,0
4292,Toys,111,16336,1,VC_857,India,small,dog,3,0
5044,Snack,144,15534,1,VC_1609,Vietnam,small,fish,7,1
4227,Medicine,81,14558,0,VC_792,India,small,cat,7,0
4861,Snack,65,1217,1,VC_1426,Turkey,medium,cat,1,1
4926,Equipment,31,18795,0,VC_1491,Turkey,small,dog,6,0
4786,Snack,149,6781,0,VC_1351,Turkey,small,dog,7,1
4521,Bedding,11,10816,0,VC_1086,India,extra_large,cat,6,0
4931,Toys,226,1985,1,VC_1496,Turkey,medium,cat,6,0
4823,Toys,90,7914,0,VC_1388,USA,medium,cat,2,1
4723,Medicine,229,4819,1,VC_1288,USA,medium,cat,10,0
4827,Equipment,207,9424,1,VC_1392,Belgium,medium,cat,2,1
4950,Equipment,117,16471,0,VC_1515,Singapore,small,dog,6,0
4705,Medicine,99,6014,1,VC_1270,Singapore,extra_small,cat,10,0
4851,Equipment,63,3951,0,VC_1416,Turkey,medium,cat,1,1
4984,Snack,63,9380,0,VC_1549,Germany,small,fish,6,0
4967,Toys,31,18389,0,VC_1532,Belgium,medium,bird,6,0
4673,Equipment,77,8107,1,VC_1238,India,medium,cat,10,1
4185,Grooming,109,6370,1,VC_750,India,extra_small,cat,3,1
4627,Food,230,16301,0,VC_1192,India,small,cat,10,0
4348,Medicine,123,161,1,VC_913,India,medium,dog,1,0
4222,Equipment,173,12232,0,VC_787,India,small,rabbit,10,1
4290,Bedding,72,12969,1,VC_855,India,extra_small,bird,1,0
4849,Snack,161,12894,1,VC_1414,Germany,medium,cat,1,1
4530,Equipment,139,11849,1,VC_1095,India,extra_small,dog,3,1
4960,Snack,136,16955,1,VC_1525,Singapore,small,fish,6,0
4779,Equipment,172,1673,1,VC_1344,Germany,medium,cat,7,0
4264,Food,172,2897,0,VC_829,India,large,rabbit,6,0
4941,Equipment,65,17843,1,VC_1506,Turkey,medium,cat,6,0
4450,Accessory,81,4459,0,VC_1015,India,extra_small,dog,2,1
4702,Medicine,142,3968,0,VC_1267,Belgium,small,dog,10,1
4580,Supplements,198,14064,0,VC_1145,India,extra_small,dog,10,0
4522,Housing,193,1394,0,VC_1087,India,small,dog,9,1
4235,Bedding,180,4029,1,VC_800,India,extra_small,fish,10,0
4391,Toys,95,17882,0,VC_956,India,extra_large,cat,5,1
4670,Accessory,78,8455,1,VC_1235,India,extra_small,dog,10,1
4914,Equipment,145,8796,0,VC_1479,Germany,small,dog,6,0
4597,Clothes,4,15218,1,VC_1162,India,small,cat,10,0
4826,Toys,162,6988,0,VC_1391,Turkey,small,dog,2,1
4327,Supplements,4,3576,0,VC_892,India,small,cat,9,1
4844,Toys,173,9255,0,VC_1409,Germany,small,dog,1,1
4741,Medicine,3,11934,1,VC_1306,Turkey,medium,cat,7,0
4401,Housing,100,17893,0,VC_966,India,extra_large,cat,9,0
4228,Supplements,67,11409,1,VC_793,India,medium,rabbit,1,0
4568,Medicine,151,2479,1,VC_1133,India,medium,dog,10,0
4868,Toys,73,13115,0,VC_1433,USA,small,dog,6,0
4448,Supplements,218,14478,1,VC_1013,India,medium,dog,10,0
4587,Bedding,202,1022,0,VC_1152,India,small,cat,10,1
4405,Grooming,106,13687,0,VC_970,India,extra_small,cat,2,1
4475,Equipment,201,6010,1,VC_1040,India,extra_small,cat,5,1
4385,Food,115,15009,0,VC_950,India,extra_small,cat,9,1
4382,Supplements,25,14237,0,VC_947,India,small,dog,9,0
4318,Accessory,36,3148,0,VC_883,India,medium,dog,7,1
4678,Medicine,131,7607,1,VC_1243,India,medium,dog,10,1
4652,Clothes,214,7461,0,VC_1217,India,small,dog,10,0
4860,Equipment,191,1343,0,VC_1425,Singapore,small,dog,1,1
4821,Equipment,144,18545,1,VC_1386,Turkey,medium,cat,2,1
4175,Accessory,83,2456,1,VC_740,India,extra_small,fish,7,0
4195,Supplements,211,17638,0,VC_760,India,extra_small,hamster,5,1
4732,Medicine,39,14954,1,VC_1297,Belgium,small,dog,7,0
4725,Food,195,18693,1,VC_1290,Singapore,medium,cat,10,1
4921,Snack,12,15807,1,VC_1486,Turkey,medium,cat,6,0
4707,Food,38,6754,1,VC_1272,Belgium,medium,cat,10,0
4412,Housing,13,7666,0,VC_977,India,small,dog,1,0
4946,Toys,47,14819,0,VC_1511,Turkey,small,dog,6,0
4760,Supplements,71,11551,1,VC_1325,Singapore,small,dog,7,0
4794,Equipment,96,3681,0,VC_1359,Germany,small,dog,7,1
4795,Snack,16,450,1,VC_1360,Singapore,medium,cat,7,1
4820,Toys,132,16483,0,VC_1385,Singapore,small,dog,2,1
4929,Equipment,128,4481,0,VC_1494,Germany,medium,cat,6,0
4353,Snack,39,3319,1,VC_918,India,medium,cat,3,1
4225,Housing,163,15324,1,VC_790,India,extra_small,hamster,3,0
4782,Equipment,117,16458,0,VC_1347,Belgium,small,dog,7,0
4545,Toys,202,3918,0,VC_1110,India,extra_small,cat,10,0
4797,Equipment,189,1854,0,VC_1362,Belgium,medium,cat,7,1
4610,Housing,119,19409,1,VC_1175,India,extra_small,dog,10,0
4550,Food,15,11285,1,VC_1115,India,extra_small,dog,10,0
4661,Snack,104,1296,1,VC_1226,India,extra_large,cat,10,1
4720,Medicine,19,15914,0,VC_1285,Singapore,small,dog,10,0
4653,Bedding,223,10295,0,VC_1218,India,medium,cat,10,1
4362,Accessory,229,12961,1,VC_927,India,small,dog,2,1
5018,Toys,148,10016,1,VC_1583,USA,small,fish,6,1
4616,Food,113,5666,1,VC_1181,India,extra_large,dog,10,1
4188,Snack,61,11380,1,VC_753,India,medium,bird,7,1
4490,Toys,204,3698,0,VC_1055,India,extra_small,dog,3,0
4729,Medicine,123,19364,1,VC_1294,Germany,medium,cat,10,0
4630,Clothes,92,19438,0,VC_1195,India,extra_small,dog,10,0
4649,Food,3,4717,1,VC_1214,India,large,cat,10,1
4176,Food,42,9180,0,VC_741,India,extra_large,bird,1,0
4231,Food,211,9320,0,VC_796,India,extra_large,hamster,5,0
4846,Snack,5,4531,1,VC_1411,Turkey,small,dog,1,1
4317,Grooming,75,11637,0,VC_882,India,small,cat,8,0
4618,Equipment,185,2700,0,VC_1183,India,medium,dog,10,0
4333,Clothes,40,9807,0,VC_898,India,medium,cat,10,1
4831,Snack,30,16322,1,VC_1396,Turkey,medium,cat,2,1
4285,Accessory,167,12763,1,VC_850,India,extra_small,hamster,2,0
4730,Supplements,130,12250,1,VC_1295,Singapore,small,dog,7,0
4662,Equipment,148,12373,0,VC_1227,India,small,dog,10,1
4709,Supplements,152,7619,1,VC_1274,Germany,medium,cat,10,0
4547,Supplements,25,11120,0,VC_1112,India,small,cat,10,1
4489,Housing,36,403,0,VC_1054,India,large,cat,9,1
5003,Toys,109,12882,0,VC_1568,USA,medium,bird,6,0
5042,Toys,176,9109,1,VC_1607,Vietnam,small,fish,7,1
4323,Bedding,132,13584,1,VC_888,India,medium,cat,1,0
4236,Housing,193,15242,1,VC_801,India,extra_large,bird,7,0
4571,Accessory,201,9111,0,VC_1136,India,extra_large,cat,10,1
4897,Snack,197,4555,0,VC_1462,Belgium,medium,cat,6,0
4864,Snack,83,12594,0,VC_1429,Germany,small,dog,6,1
4534,Toys,99,15140,1,VC_1099,India,large,dog,10,1
4406,Accessory,200,9882,1,VC_971,India,extra_large,dog,6,0
4239,Supplements,93,17955,1,VC_804,India,large,cat,3,1
4585,Equipment,107,6513,1,VC_1150,India,extra_small,cat,10,1
4583,Food,228,1705,1,VC_1148,India,medium,cat,10,1
5039,Toys,29,5145,1,VC_1604,Sri Lanka,medium,bird,7,1
4770,Equipment,92,1923,0,VC_1335,Singapore,small,dog,7,1
4755,Food,157,181,1,VC_1320,Singapore,medium,cat,7,1
4958,Toys,121,3157,0,VC_1523,USA,small,fish,6,0
4279,Bedding,13,7006,1,VC_844,India,large,hamster,1,1
4676,Housing,205,9702,1,VC_1241,India,extra_large,dog,10,0
4563,Equipment,25,11869,0,VC_1128,India,medium,cat,10,0
4312,Bedding,171,12829,0,VC_877,India,small,dog,7,1
4947,Equipment,95,8283,0,VC_1512,Belgium,medium,cat,6,0
4596,Equipment,65,13910,0,VC_1161,India,extra_large,dog,10,1
4512,Toys,219,7350,1,VC_1077,India,small,dog,1,0
4869,Equipment,77,15358,1,VC_1434,Germany,medium,cat,6,0
4519,Equipment,166,858,0,VC_1084,India,large,cat,8,0
4420,Equipment,95,1745,1,VC_985,India,extra_small,dog,2,1
4966,Snack,137,5458,1,VC_1531,Turkey,small,fish,6,0
4942,Snack,22,1489,0,VC_1507,Belgium,small,dog,6,0
4687,Medicine,136,15328,0,VC_1252,Belgium,small,cat,10,1
4555,Housing,26,11420,0,VC_1120,India,extra_small,cat,10,0
4902,Equipment,70,2100,0,VC_1467,Belgium,small,dog,6,0
4623,Medicine,74,8917,0,VC_1188,India,medium,cat,10,1
4232,Snack,208,14869,0,VC_797,India,small,dog,3,1
4303,Toys,63,7970,0,VC_868,India,medium,hamster,10,0
4296,Accessory,221,18050,1,VC_861,India,extra_large,bird,8,1
4940,Toys,219,13056,0,VC_1505,Singapore,small,dog,6,0
4828,Snack,34,1479,1,VC_1393,USA,small,dog,2,1
4887,Equipment,80,15840,1,VC_1452,Belgium,medium,cat,6,0
4400,Bedding,129,4345,1,VC_965,India,extra_small,dog,8,1
4494,Accessory,169,15822,1,VC_1059,India,large,dog,7,1
4204,Toys,182,12209,1,VC_769,India,large,rabbit,4,1
4283,Supplements,14,16067,0,VC_848,India,medium,fish,9,0
4387,Equipment,122,9015,0,VC_952,India,small,cat,9,1
4486,Equipment,195,13683,1,VC_1051,India,extra_large,dog,8,0
4600,Toys,17,13335,0,VC_1165,India,extra_small,dog,10,0
4873,Snack,224,17039,0,VC_1438,USA,medium,cat,6,0
4965,Equipment,10,8018,0,VC_1530,Singapore,medium,bird,6,0
4712,Supplements,157,16640,0,VC_1277,Belgium,small,dog,10,0
4983,Equipment,180,8456,1,VC_1548,USA,medium,bird,6,0
4199,Snack,31,4717,0,VC_764,India,large,fish,9,1
4218,Grooming,152,1151,0,VC_783,India,medium,bird,3,0
4632,Housing,9,16550,0,VC_1197,India,small,dog,10,0
5007,Equipment,77,9952,0,VC_1572,Belgium,medium,bird,6,0
4414,Medicine,206,4063,1,VC_979,India,large,dog,3,0
4836,Equipment,217,18681,1,VC_1401,Turkey,small,dog,2,1
4872,Equipment,83,13097,1,VC_1437,Belgium,small,dog,6,0
4683,Food,177,16806,1,VC_1248,India,medium,cat,10,1
5012,Toys,150,11297,1,VC_1577,Belgium,small,fish,6,0
4693,Medicine,175,18558,1,VC_1258,USA,medium,cat,10,1
4660,Food,18,10612,0,VC_1225,India,extra_small,dog,10,1
4668,Supplements,214,1808,0,VC_1233,India,medium,dog,10,0
4203,Housing,194,7977,1,VC_768,India,medium,cat,9,1
4504,Grooming,96,6060,1,VC_1069,India,large,dog,6,0
4970,Toys,175,1130,0,VC_1535,Singapore,small,fish,6,0
4539,Food,12,7477,0,VC_1104,India,large,cat,9,0
4910,Toys,40,18901,0,VC_1475,Singapore,small,dog,6,0
4282,Medicine,114,3527,0,VC_847,India,small,rabbit,5,0
4371,Supplements,68,18419,1,VC_936,India,extra_large,cat,10,0
4728,Food,37,11434,0,VC_1293,USA,small,dog,10,1
4825,Snack,23,14560,1,VC_1390,Singapore,medium,cat,2,1
4719,Food,85,15895,1,VC_1284,Germany,medium,cat,10,0
4496,Snack,99,15385,1,VC_1061,India,extra_large,dog,10,1
4990,Snack,221,13707,1,VC_1555,Singapore,small,fish,6,0
4339,Grooming,221,11185,0,VC_904,India,large,cat,1,1
4622,Toys,21,19012,1,VC_1187,India,small,dog,10,0
4437,Supplements,127,9287,1,VC_1002,India,small,cat,6,1
4881,Equipment,20,11441,1,VC_1446,Turkey,medium,cat,6,0
4829,Toys,177,5355,1,VC_1394,Germany,medium,cat,2,1
4245,Clothes,31,1650,1,VC_810,India,extra_small,cat,6,0
4337,Medicine,188,18884,1,VC_902,India,small,cat,4,1
5008,Snack,127,175,1,VC_1573,USA,small,fish,6,0
4326,Medicine,5,15682,0,VC_891,India,extra_large,dog,3,1
4742,Supplements,183,13034,0,VC_1307,Belgium,small,dog,7,0
5028,Equipment,8,16024,0,VC_1593,USA,small,fish,6,1
4200,Equipment,151,5061,0,VC_765,India,extra_small,bird,1,1
4987,Snack,222,1412,0,VC_1552,Belgium,medium,bird,6,0
4466,Bedding,87,3614,0,VC_1031,India,extra_large,dog,1,1
4724,Supplements,222,12650,1,VC_1289,Germany,small,dog,10,0
4535,Medicine,176,16825,0,VC_1100,India,extra_small,cat,10,1
4789,Snack,181,18241,1,VC_1354,Germany,medium,cat,7,0
4281,Toys,29,1307,0,VC_846,India,extra_large,cat,9,0
4817,Toys,40,13890,0,VC_1382,Belgium,medium,cat,2,1
4852,Snack,30,1118,1,VC_1417,Belgium,small,dog,1,1
5000,Toys,103,7560,1,VC_1565,Singapore,small,fish,6,0
5030,Toys,133,680,1,VC_1595,Singapore,small,fish,6,1
4714,Medicine,120,17802,0,VC_1279,Germany,small,dog,10,1
4883,Toys,167,19427,0,VC_1448,USA,medium,cat,6,0
4748,Supplements,100,2145,1,VC_1313,USA,small,dog,7,0
4183,Medicine,19,12506,1,VC_748,India,medium,hamster,2,1
4955,Toys,84,11271,0,VC_1520,Singapore,medium,cat,6,0
4351,Accessory,52,7942,0,VC_916,India,extra_large,cat,5,0
4787,Toys,10,12730,0,VC_1352,Belgium,medium,cat,7,1
4214,Housing,172,6636,1,VC_779,India,large,dog,6,0
4614,Grooming,185,9858,1,VC_1179,India,large,dog,10,1
4457,Toys,91,12703,0,VC_1022,India,small,cat,8,1
5020,Snack,226,16860,0,VC_1585,Singapore,small,fish,6,1
4286,Food,211,14450,1,VC_851,India,extra_large,dog,6,0
4884,Equipment,44,7695,0,VC_1449,Germany,small,dog,6,0
4544,Housing,77,3425,1,VC_1109,India,large,dog,10,0
4421,Clothes,198,5044,0,VC_986,India,extra_large,cat,9,0
4822,Snack,135,13817,1,VC_1387,Belgium,small,dog,2,1
4219,Accessory,171,9527,0,VC_784,India,large,hamster,8,0
4731,Food,213,2793,0,VC_1296,Turkey,medium,cat,7,1
4481,Supplements,56,14810,0,VC_1046,India,extra_large,cat,8,1
4879,Snack,74,12062,0,VC_1444,Germany,medium,cat,6,0
4757,Supplements,12,8105,0,VC_1322,Belgium,medium,cat,7,1
5014,Snack,111,2219,1,VC_1579,Germany,small,fish,6,1
4708,Medicine,185,15953,1,VC_1273,USA,small,dog,10,1
4607,Equipment,177,9312,0,VC_1172,India,small,cat,10,1
4446,Toys,96,460,0,VC_1011,India,extra_large,dog,9,0
4246,Bedding,156,8909,0,VC_811,India,extra_large,rabbit,10,0
4368,Housing,110,1982,0,VC_933,India,medium,dog,3,0
4566,Housing,127,10016,0,VC_1131,India,extra_large,dog,10,0
4321,Equipment,227,8104,1,VC_886,India,extra_large,cat,5,0
4665,Housing,38,7183,0,VC_1230,India,extra_small,cat,10,1
4398,Equipment,187,9489,1,VC_963,India,medium,dog,1,1
4971,Equipment,48,14305,0,VC_1536,Turkey,medium,bird,6,0
4604,Accessory,193,9676,1,VC_1169,India,large,dog,10,0
4939,Snack,143,1231,0,VC_1504,Germany,medium,cat,6,0
4964,Toys,56,16913,1,VC_1529,Germany,small,fish,6,0
4546,Medicine,112,15958,0,VC_1111,India,extra_large,dog,10,1
4501,Toys,21,7175,0,VC_1066,India,extra_large,cat,4,1
4791,Equipment,82,14791,0,VC_1356,Turkey,medium,cat,7,1
4772,Toys,57,13227,1,VC_1337,Belgium,small,dog,7,1
4540,Snack,177,690,1,VC_1105,India,extra_small,dog,10,1
4372,Grooming,227,480,0,VC_937,India,small,dog,9,0
4349,Supplements,189,9249,1,VC_914,India,large,cat,5,0
4256,Clothes,46,2996,1,VC_821,India,extra_large,dog,8,1
4691,Supplements,44,18609,0,VC_1256,Turkey,extra_large,cat,10,0
4866,Equipment,99,17755,0,VC_1431,Turkey,small,dog,6,1
4892,Toys,224,1320,1,VC_1457,Belgium,small,dog,6,0
4449,Grooming,38,10211,0,VC_1014,India,large,cat,5,0
4612,Medicine,139,15990,0,VC_1177,India,small,dog,10,0
4972,Snack,85,6525,0,VC_1537,Belgium,small,fish,6,0
4784,Toys,148,13711,1,VC_1349,Germany,small,dog,7,1
4272,Supplements,191,12544,1,VC_837,India,small,bird,5,0
4306,Grooming,224,10813,1,VC_871,India,extra_large,rabbit,8,1
4193,Toys,51,18799,1,VC_758,India,medium,fish,6,1
4893,Equipment,101,10687,0,VC_1458,USA,medium,cat,6,0
4658,Grooming,92,13627,0,VC_1223,India,medium,dog,10,1
4251,Grooming,67,8927,0,VC_816,India,extra_large,cat,5,0
4350,Grooming,60,8372,1,VC_915,India,extra_small,dog,2,0
4462,Food,27,5116,1,VC_1027,India,small,dog,3,1
4367,Bedding,62,1559,1,VC_932,India,small,cat,7,0
4229,Grooming,76,10825,0,VC_794,India,large,fish,10,0
4905,Equipment,177,14420,0,VC_1470,Singapore,medium,cat,6,0
4805,Toys,25,9183,0,VC_1370,Singapore,medium,cat,2,1
4686,Food,181,8343,1,VC_1251,Turkey,extra_large,dog,10,1
4497,Equipment,186,4869,1,VC_1062,India,small,cat,7,0
4692,Food,119,14459,0,VC_1257,Belgium,small,dog,10,0
4635,Supplements,51,8322,0,VC_1200,India,extra_small,cat,10,1
4308,Food,42,14794,1,VC_873,India,medium,bird,10,0
4573,Snack,27,12220,0,VC_1138,India,medium,cat,10,0
4336,Toys,6,5581,0,VC_901,India,extra_large,dog,2,1
4843,Snack,130,8726,1,VC_1408,USA,medium,cat,1,1
4510,Bedding,211,13381,0,VC_1075,India,extra_small,dog,9,1
4835,Toys,108,17975,0,VC_1400,Singapore,medium,cat,2,1
4459,Supplements,126,3980,1,VC_1024,India,large,cat,6,1
4445,Housing,100,18089,1,VC_1010,India,extra_small,cat,7,1
4689,Food,199,2392,0,VC_1254,Germany,large,cat,10,1
4637,Accessory,217,13270,1,VC_1202,India,small,cat,10,1
4299,Equipment,77,4400,1,VC_864,India,large,cat,10,1
4376,Equipment,50,13576,0,VC_941,India,extra_large,dog,8,0
4473,Food,110,3534,1,VC_1038,India,medium,cat,5,0
4722,Food,21,10264,0,VC_1287,Belgium,small,dog,10,1
4718,Supplements,47,7675,1,VC_1283,USA,small,dog,10,0
4659,Accessory,208,13836,1,VC_1224,India,large,cat,10,1
4943,Toys,124,5604,1,VC_1508,USA,medium,cat,6,0
4324,Housing,125,10297,1,VC_889,India,large,dog,4,0
4340,Accessory,229,1424,1,VC_905,India,extra_small,dog,6,0
4517,Food,124,10258,1,VC_1082,India,small,cat,9,0
4598,Bedding,10,5390,1,VC_1163,India,medium,dog,10,1
4207,Grooming,61,8487,0,VC_772,India,small,hamster,5,1
4295,Grooming,138,4978,0,VC_860,India,extra_small,fish,1,0
4458,Medicine,34,7200,1,VC_1023,India,medium,dog,3,1
4322,Clothes,161,10945,1,VC_887,India,small,dog,4,0
5019,Equipment,142,10971,0,VC_1584,Germany,medium,bird,6,1
4499,Bedding,40,8518,1,VC_1064,India,large,cat,4,0
4507,Snack,223,8379,1,VC_1072,India,small,cat,2,0
4758,Food,76,17617,1,VC_1323,USA,small,dog,7,1
4393,Supplements,16,10833,1,VC_958,India,medium,cat,5,0
4651,Equipment,156,12258,1,VC_1216,India,extra_large,cat,10,1
5011,Snack,7,17821,0,VC_1576,Turkey,medium,bird,6,0
5006,Toys,9,13676,1,VC_1571,Turkey,small,fish,6,0
4657,Supplements,62,15132,1,VC_1222,India,small,cat,10,0
4751,Supplements,68,921,1,VC_1316,Turkey,medium,cat,7,1
4979,Toys,76,8287,1,VC_1544,Germany,medium,bird,6,0
4669,Grooming,78,18642,1,VC_1234,India,large,cat,10,1
4886,Toys,11,8749,1,VC_1451,Turkey,small,dog,6,0
4704,Food,5,19019,1,VC_1269,Germany,large,dog,10,0
4773,Equipment,27,18420,1,VC_1338,USA,medium,cat,7,0
4815,Equipment,18,7178,0,VC_1380,Singapore,medium,cat,2,1
4802,Toys,66,7986,0,VC_1367,Belgium,small,dog,7,1
4644,Toys,217,5100,0,VC_1209,India,large,dog,10,0
4257,Bedding,91,11416,1,VC_822,India,small,cat,10,1
4471,Grooming,216,14547,0,VC_1036,India,extra_large,cat,9,0
4896,Equipment,5,17181,0,VC_1461,Turkey,small,dog,6,0
4180,Bedding,195,15927,1,VC_745,India,extra_small,rabbit,1,1
4172,Medicine,210,11850,1,VC_737,India,small,dog,5,0
4249,Medicine,56,12754,0,VC_814,India,large,hamster,9,1
4841,Toys,78,12593,1,VC_1406,Turkey,medium,cat,1,1
4226,Toys,11,12788,1,VC_791,India,extra_large,dog,3,0
4548,Grooming,138,15223,0,VC_1113,India,medium,dog,10,1
4472,Accessory,28,117,1,VC_1037,India,small,dog,4,0
4212,Clothes,196,18488,0,VC_777,India,small,bird,6,1
4572,Food,49,9167,0,VC_1137,India,small,dog,10,1
4422,Bedding,194,8251,0,VC_987,India,small,dog,2,1
5002,Snack,43,4570,0,VC_1567,Belgium,small,fish,6,0
4479,Toys,194,15993,0,VC_1044,India,large,cat,4,1
4209,Food,192,1153,1,VC_774,India,large,cat,6,0
4785,Equipment,142,6043,1,VC_1350,Singapore,medium,cat,7,1
4969,Snack,66,11370,1,VC_1534,Germany,medium,bird,6,0
4974,Equipment,125,353,1,VC_1539,Germany,small,fish,6,0
4578,Toys,208,12740,1,VC_1143,India,medium,dog,10,1
4703,Supplements,87,3413,1,VC_1268,USA,medium,cat,10,1
4859,Toys,220,18472,0,VC_1424,Germany,medium,cat,1,1
4903,Snack,63,12080,0,VC_1468,USA,medium,cat,6,0
4900,Snack,168,18341,0,VC_1465,Singapore,small,dog,6,0
4355,Clothes,221,11850,0,VC_920,India,extra_small,cat,10,0
4633,Toys,5,17585,0,VC_1198,India,medium,cat,10,1
4589,Toys,57,17900,0,VC_1154,India,large,cat,10,1
5038,Snack,14,6373,0,VC_1603,Vietnam,small,fish,7,1
5050,Snack,150,13755,1,VC_1615,Vietnam,small,fish,7,1
5010,Equipment,224,2421,0,VC_1575,Singapore,small,fish,6,0
4390,Housing,120,339,0,VC_955,India,extra_small,dog,5,1
4247,Housing,160,8969,1,VC_812,India,small,fish,6,1
4834,Snack,38,16741,1,VC_1399,Germany,small,dog,2,1
4908,Equipment,46,18741,0,VC_1473,USA,small,dog,6,0
4417,Accessory,68,12838,0,VC_982,India,small,cat,4,0
4252,Accessory,177,16101,0,VC_817,India,small,rabbit,8,1
4608,Clothes,56,499,1,VC_1173,India,medium,dog,10,1
4488,Bedding,201,15652,1,VC_1053,India,medium,dog,8,0
5009,Toys,174,927,0,VC_1574,Germany,medium,bird,6,0
4586,Clothes,208,12154,0,VC_1151,India,extra_large,dog,10,0
5027,Toys,41,2312,0,VC_1592,Belgium,medium,bird,6,1
4833,Equipment,68,10722,0,VC_1398,USA,medium,cat,2,1
4277,Equipment,8,8039,0,VC_842,India,small,fish,8,0
5026,Snack,77,3563,1,VC_1591,Turkey,small,fish,6,1
4675,Bedding,159,10878,1,VC_1240,India,extra_small,cat,10,0
4347,Toys,13,18077,0,VC_912,India,small,cat,10,1
4346,Housing,22,5282,1,VC_911,India,extra_large,dog,8,0
4313,Housing,45,11041,1,VC_878,India,medium,cat,8,0
4918,Snack,81,19149,0,VC_1483,USA,small,dog,6,0
4241,Accessory,81,15210,1,VC_806,India,extra_large,fish,4,0
4529,Snack,58,2321,0,VC_1094,India,large,cat,8,0
4928,Toys,200,16956,0,VC_1493,USA,small,dog,6,0
4470,Supplements,186,8065,0,VC_1035,India,extra_small,dog,2,1
4523,Toys,64,16574,0,VC_1088,India,medium,cat,8,0
4484,Food,95,583,1,VC_1049,India,large,dog,1,0
4415,Supplements,25,4185,1,VC_980,India,extra_small,cat,9,1
4798,Snack,160,3084,1,VC_1363,USA,small,dog,7,0
4549,Accessory,184,12719,1,VC_1114,India,large,cat,10,1
4423,Housing,179,16913,1,VC_988,India,medium,cat,4,1
4418,Food,88,2128,1,VC_983,India,medium,dog,10,1
4359,Medicine,85,13753,1,VC_924,India,large,cat,3,1
4465,Clothes,40,708,0,VC_1030,India,extra_small,cat,5,1
4854,Equipment,54,10103,1,VC_1419,Germany,small,dog,1,1
4993,Snack,29,7759,1,VC_1558,USA,medium,bird,6,0
4601,Medicine,172,15886,1,VC_1166,India,extra_large,cat,10,0
4620,Bedding,199,1039,0,VC_1185,India,extra_small,dog,10,1
4994,Toys,109,5490,0,VC_1559,Germany,small,fish,6,0
5005,Snack,197,1517,1,VC_1570,Singapore,medium,bird,6,0
4330,Food,33,7754,0,VC_895,India,extra_small,dog,4,0
4532,Bedding,67,15766,1,VC_1097,India,small,dog,3,0
4366,Clothes,124,18708,0,VC_931,India,extra_large,dog,7,1
4746,Food,42,11045,0,VC_1311,Turkey,small,dog,7,1
4907,Toys,97,2285,1,VC_1472,Belgium,medium,cat,6,0
4524,Medicine,154,7330,0,VC_1089,India,large,dog,5,0
4992,Equipment,12,6377,1,VC_1557,Belgium,small,fish,6,0
4656,Medicine,115,14139,1,VC_1221,India,extra_large,dog,10,1
4842,Equipment,199,1119,1,VC_1407,Belgium,small,dog,1,1
4460,Grooming,200,4698,1,VC_1025,India,extra_small,dog,3,1
4968,Equipment,123,15346,1,VC_1533,USA,small,fish,6,0
4553,Clothes,110,3655,1,VC_1118,India,medium,cat,10,1
4438,Grooming,76,2644,0,VC_1003,India,medium,dog,7,0
4365,Equipment,179,15944,1,VC_930,India,extra_small,cat,9,1
4274,Accessory,218,14799,0,VC_839,India,large,dog,8,0
4715,Supplements,196,2856,0,VC_1280,Singapore,medium,cat,10,0
4559,Grooming,175,8362,0,VC_1124,India,large,cat,10,0
4223,Clothes,193,12752,1,VC_788,India,medium,fish,3,0
4202,Bedding,170,3766,0,VC_767,India,small,dog,7,0
4210,Snack,148,15905,1,VC_775,India,extra_small,rabbit,10,0
5037,Equipment,157,27,1,VC_1602,Sri Lanka,medium,bird,7,1
4889,Toys,127,14176,1,VC_1454,Germany,medium,cat,6,0
4399,Clothes,219,4754,0,VC_964,India,large,cat,10,0
4621,Housing,181,4375,1,VC_1186,India,extra_large,cat,10,1
4395,Accessory,173,14664,1,VC_960,India,extra_small,cat,3,0
4357,Housing,31,8056,1,VC_922,India,small,cat,3,1
5016,Equipment,159,12609,1,VC_1581,Turkey,small,fish,6,1
4605,Food,76,17832,1,VC_1170,India,extra_small,cat,10,0
4832,Toys,50,11451,1,VC_1397,Belgium,small,dog,2,1
4392,Medicine,149,7248,1,VC_957,India,small,dog,4,1
4824,Equipment,135,2440,1,VC_1389,Germany,small,dog,2,1
4672,Snack,29,11962,1,VC_1237,India,small,dog,10,0
5046,Equipment,216,15695,1,VC_1611,Vietnam,small,fish,7,1
4221,Snack,110,9237,0,VC_786,India,extra_large,cat,1,0
4800,Equipment,112,4362,0,VC_1365,Singapore,small,dog,7,1
5034,Equipment,161,17150,1,VC_1599,Vietnam,small,fish,7,1
4840,Snack,150,17470,0,VC_1405,Singapore,small,dog,1,1
4480,Medicine,48,13030,0,VC_1045,India,extra_small,dog,5,1
4332,Equipment,203,4002,0,VC_897,India,small,dog,9,1
4930,Snack,37,4831,0,VC_1495,Singapore,small,dog,6,0
4985,Toys,84,6760,1,VC_1550,Singapore,medium,bird,6,0
4804,Snack,203,14903,1,VC_1369,Germany,small,dog,7,1
5022,Equipment,212,19122,0,VC_1587,Belgium,small,fish,6,1
4667,Medicine,172,16669,1,VC_1232,India,small,cat,10,0
4436,Medicine,71,5946,1,VC_1001,India,extra_large,dog,6,1
4982,Toys,207,9258,0,VC_1547,Belgium,small,fish,6,0
4560,Accessory,29,18858,1,VC_1125,India,extra_small,dog,10,1
4262,Grooming,90,19069,1,VC_827,India,small,dog,6,1
4383,Grooming,189,15440,0,VC_948,India,medium,cat,1,0
4591,Supplements,167,4121,1,VC_1156,India,extra_large,cat,10,1
4847,Toys,116,8397,0,VC_1412,Belgium,medium,cat,1,1
4690,Medicine,36,9927,1,VC_1255,Singapore,extra_small,dog,10,0
4320,Snack,5,7270,1,VC_885,India,extra_small,dog,8,0
4781,Toys,172,8367,1,VC_1346,Turkey,medium,cat,7,0
4878,Equipment,9,3093,0,VC_1443,USA,small,dog,6,0
4304,Medicine,177,3700,0,VC_869,India,large,dog,2,1
4706,Supplements,17,1111,1,VC_1271,Turkey,small,dog,10,0
4764,Food,135,12127,0,VC_1329,Germany,small,dog,7,1
4862,Toys,134,19208,1,VC_1427,Belgium,small,dog,1,1
4378,Bedding,54,11708,0,VC_943,India,medium,dog,10,1
4631,Bedding,54,14841,1,VC_1196,India,extra_large,cat,10,1
5024,Toys,218,13716,1,VC_1589,Germany,small,fish,6,1
4402,Toys,19,940,0,VC_967,India,small,dog,8,0
4263,Accessory,184,16025,1,VC_828,India,medium,cat,4,1
4345,Bedding,93,3168,0,VC_910,India,extra_small,cat,1,0
4867,Snack,215,16749,1,VC_1432,Belgium,medium,cat,6,0
4996,Snack,209,17315,0,VC_1561,Turkey,small,fish,6,0
4584,Snack,154,14094,0,VC_1149,India,large,dog,10,1
4780,Snack,67,10792,1,VC_1345,Singapore,small,dog,7,1
4917,Equipment,74,4370,1,VC_1482,Belgium,medium,cat,6,0
4642,Bedding,36,10624,0,VC_1207,India,small,dog,10,1
4424,Toys,87,16005,1,VC_989,India,large,dog,7,0
4403,Medicine,207,16996,1,VC_968,India,medium,cat,5,1
4196,Grooming,121,5885,0,VC_761,India,extra_large,dog,1,1
4381,Medicine,26,7596,1,VC_946,India,extra_large,cat,8,1
4734,Food,14,17652,1,VC_1299,Germany,small,dog,7,1
4978,Snack,102,8761,1,VC_1543,USA,small,fish,6,0
4386,Snack,197,16698,0,VC_951,India,extra_large,dog,9,0
4643,Housing,26,18934,0,VC_1208,India,medium,cat,10,0
4344,Clothes,33,9314,1,VC_909,India,large,dog,5,0
4505,Accessory,109,691,1,VC_1070,India,extra_small,cat,10,0
4956,Equipment,173,945,0,VC_1521,Turkey,small,dog,6,0
4876,Snack,92,15507,0,VC_1441,Turkey,small,dog,6,0
4467,Housing,169,18241,1,VC_1032,India,small,cat,2,0
5041,Snack,179,18831,1,VC_1606,Sri Lanka,medium,bird,7,1
4816,Snack,189,5454,0,VC_1381,Turkey,small,dog,2,1
4736,Supplements,131,12014,1,VC_1301,Turkey,small,dog,7,1
4920,Equipment,89,966,0,VC_1485,Singapore,small,dog,6,0
4666,Toys,41,4501,1,VC_1231,India,extra_large,dog,10,0
4186,Accessory,144,6857,0,VC_751,India,extra_large,rabbit,5,1
4352,Food,192,3423,0,VC_917,India,small,dog,8,0
4973,Toys,196,9251,1,VC_1538,USA,medium,bird,6,0
4912,Snack,177,11837,0,VC_1477,Belgium,small,dog,6,0
4957,Snack,35,9416,1,VC_1522,Belgium,medium,cat,6,0
4925,Toys,189,2328,0,VC_1490,Singapore,medium,cat,6,0
4425,Medicine,105,10750,0,VC_990,India,extra_small,cat,3,1
4440,Food,81,5395,1,VC_1005,India,extra_small,dog,6,0
4948,Snack,221,7250,1,VC_1513,USA,small,dog,6,0
4739,Supplements,75,2128,0,VC_1304,Germany,medium,cat,7,0
4297,Food,80,13904,0,VC_862,India,small,hamster,5,0
4430,Snack,229,5108,0,VC_995,India,extra_small,dog,6,1
4901,Toys,46,9045,1,VC_1466,Turkey,medium,cat,6,0
4701,Food,14,10841,1,VC_1266,Turkey,extra_large,cat,10,1
4250,Supplements,68,10011,1,VC_815,India,extra_small,dog,2,1
4205,Medicine,156,927,0,VC_770,India,extra_small,fish,1,0
4747,Medicine,102,7353,0,VC_1312,Belgium,medium,cat,7,1
4487,Clothes,38,18307,0,VC_1052,India,small,cat,4,0
4579,Medicine,205,14641,1,VC_1144,India,large,cat,10,0
4397,Snack,201,12011,1,VC_962,India,small,cat,9,0
5013,Equipment,223,14732,0,VC_1578,USA,medium,bird,6,0
4699,Medicine,173,7851,0,VC_1264,Germany,large,cat,10,0
4695,Food,173,17587,1,VC_1260,Singapore,extra_small,cat,10,1
4569,Supplements,190,11488,1,VC_1134,India,large,cat,10,0
4311,Clothes,180,10820,0,VC_876,India,extra_large,cat,9,1
4536,Supplements,140,5955,1,VC_1101,India,extra_large,dog,1,0
4388,Clothes,189,12426,0,VC_953,India,medium,dog,2,0
4455,Bedding,198,18370,0,VC_1020,India,extra_small,cat,9,0
4924,Snack,121,8747,0,VC_1489,Germany,small,dog,6,0
4404,Supplements,57,6361,0,VC_969,India,large,dog,6,1
4564,Clothes,195,5194,0,VC_1129,India,large,dog,10,1
4552,Equipment,29,15367,0,VC_1117,India,small,dog,10,1
4749,Food,229,14781,1,VC_1314,Germany,medium,cat,7,1
4325,Toys,79,9923,0,VC_890,India,extra_small,cat,3,0
4625,Grooming,185,11556,0,VC_1190,India,extra_small,cat,10,1
4294,Supplements,43,1123,0,VC_859,India,large,rabbit,3,0
4265,Snack,99,15667,0,VC_830,India,extra_small,fish,10,0
4808,Toys,118,17661,0,VC_1373,USA,small,dog,2,1
4641,Clothes,47,7700,0,VC_1206,India,extra_large,cat,10,0
4554,Bedding,107,8058,0,VC_1119,India,large,dog,10,0
4776,Equipment,170,18115,0,VC_1341,Turkey,small,dog,7,1
4909,Snack,210,16349,1,VC_1474,Germany,medium,cat,6,0
4267,Clothes,69,6153,0,VC_832,India,small,hamster,9,0
4997,Toys,220,13568,0,VC_1562,Belgium,medium,bird,6,0
4853,Toys,136,13097,0,VC_1418,USA,medium,cat,1,1
4495,Food,159,2771,1,VC_1060,India,extra_small,cat,4,0
4407,Food,177,10275,0,VC_972,India,small,cat,3,1
4234,Clothes,19,2327,1,VC_799,India,large,rabbit,7,1
4989,Equipment,126,18013,0,VC_1554,Germany,medium,bird,6,0
4291,Housing,72,3004,1,VC_856,India,extra_large,hamster,7,0
4733,Supplements,82,4948,0,VC_1298,USA,medium,cat,7,0
4927,Snack,114,4699,1,VC_1492,Belgium,medium,cat,6,0
4949,Toys,217,791,1,VC_1514,Germany,medium,cat,6,0
4343,Equipment,212,9988,1,VC_908,India,medium,cat,10,1
4999,Snack,27,11302,1,VC_1564,Germany,medium,bird,6,0
4243,Snack,76,13390,0,VC_808,India,medium,hamster,8,0
4783,Snack,162,17240,1,VC_1348,USA,medium,cat,7,1
4664,Bedding,34,15319,1,VC_1229,India,large,dog,10,1
4850,Toys,54,13219,0,VC_1415,Singapore,small,dog,1,1
